{
    "0": {
        "control": [
            0.0,
            -2.0,
            0.0
        ],
        "handle_left": [
            0.0,
            -0.7071070671081543,
            0.0
        ],
        "handle_right": [
            0.0,
            0.6999999284744263,
            0.0
        ]
    },
    "1": {
        "control": [
            0.0,
            2.0,
            0.0
        ],
        "handle_left": [
            0.0,
            -0.9999992847442627,
            0.0
        ],
        "handle_right": [
            0.0,
            1.2999999523162842,
            0.0
        ]
    },
    "2": {
        "control": [
            2.0,
            4.0,
            0.0
        ],
        "handle_left": [
            -0.9999988079071045,
            0.0,
            0.0
        ],
        "handle_right": [
            1.0,
            0.0,
            0.0
        ]
    },
    "3": {
        "control": [
            8.0,
            4.0,
            0.0
        ],
        "handle_left": [
            -0.9999990463256836,
            0.0,
            0.0
        ],
        "handle_right": [
            1.0,
            0.0,
            0.0
        ]
    },
    "4": {
        "control": [
            10.0,
            6.0,
            0.0
        ],
        "handle_left": [
            0.0,
            -0.9999985694885254,
            0.0
        ],
        "handle_right": [
            0.0,
            1.0,
            0.0
        ]
    },
    "5": {
        "control": [
            10.0,
            16.0,
            0.0
        ],
        "handle_left": [
            0.0,
            -0.9999980926513672,
            0.0
        ],
        "handle_right": [
            0.0,
            1.0,
            0.0
        ]
    },
    "6": {
        "control": [
            4.0,
            19.0,
            0.0
        ],
        "handle_left": [
            4.0,
            0.0,
            0.0
        ],
        "handle_right": [
            -4.0,
            0.0,
            0.0
        ]
    },
    "7": {
        "control": [
            -11.0,
            19.0,
            0.0
        ],
        "handle_left": [
            1.0,
            0.0,
            0.0
        ],
        "handle_right": [
            -1.0,
            0.0,
            0.0
        ]
    },
    "8": {
        "control": [
            -13.0,
            17.0,
            0.0
        ],
        "handle_left": [
            0.0,
            1.0,
            0.0
        ],
        "handle_right": [
            0.0,
            -1.0,
            0.0
        ]
    },
    "9": {
        "control": [
            -13.0,
            -2.0,
            0.0
        ],
        "handle_left": [
            0.0,
            1.0,
            0.0
        ],
        "handle_right": [
            0.0,
            -1.0,
            0.0
        ]
    },
    "10": {
        "control": [
            -11.0,
            -4.0,
            0.0
        ],
        "handle_left": [
            -1.0,
            0.0,
            0.0
        ],
        "handle_right": [
            1.0,
            0.0,
            0.0
        ]
    },
    "11": {
        "control": [
            -2.0,
            -4.0,
            0.0
        ],
        "handle_left": [
            -1.0,
            0.0,
            0.0
        ],
        "handle_right": [
            1.0,
            0.0,
            0.0
        ]
    }
}